despacho_id,empresa_id,nif_cif
a0eebc99-9c0b-4ef8-bb6d-6bb9bd380a11,E0048,E52991247
b0eebc99-9c0b-4ef8-bb6d-6bb9bd380a22,E0019,B32677361
a0eebc99-9c0b-4ef8-bb6d-6bb9bd380a11,E0029,F86923224
b0eebc99-9c0b-4ef8-bb6d-6bb9bd380a22,E0036,H77387215
a0eebc99-9c0b-4ef8-bb6d-6bb9bd380a11,E0034,F14846562
b0eebc99-9c0b-4ef8-bb6d-6bb9bd380a22,E0002,J90838632
a0eebc99-9c0b-4ef8-bb6d-6bb9bd380a11,E0022,D61939906
b0eebc99-9c0b-4ef8-bb6d-6bb9bd380a22,E0018,C62473178
a0eebc99-9c0b-4ef8-bb6d-6bb9bd380a11,E0039,J31727886
b0eebc99-9c0b-4ef8-bb6d-6bb9bd380a22,E0040,J72774342
a0eebc99-9c0b-4ef8-bb6d-6bb9bd380a11,E0035,C99468043
b0eebc99-9c0b-4ef8-bb6d-6bb9bd380a22,E0043,G70546684
a0eebc99-9c0b-4ef8-bb6d-6bb9bd380a11,E0047,A33092321
b0eebc99-9c0b-4ef8-bb6d-6bb9bd380a22,E0045,B62720461
a0eebc99-9c0b-4ef8-bb6d-6bb9bd380a11,E0010,J48018451
b0eebc99-9c0b-4ef8-bb6d-6bb9bd380a22,E0009,J71012264
a0eebc99-9c0b-4ef8-bb6d-6bb9bd380a11,E0031,D03654142
b0eebc99-9c0b-4ef8-bb6d-6bb9bd380a22,E0006,B92832765
a0eebc99-9c0b-4ef8-bb6d-6bb9bd380a11,E0033,J16934069
b0eebc99-9c0b-4ef8-bb6d-6bb9bd380a22,E0032,A14294011
a0eebc99-9c0b-4ef8-bb6d-6bb9bd380a11,E0015,D01031053
b0eebc99-9c0b-4ef8-bb6d-6bb9bd380a22,E0030,G34216077
a0eebc99-9c0b-4ef8-bb6d-6bb9bd380a11,E0012,F70154307
b0eebc99-9c0b-4ef8-bb6d-6bb9bd380a22,E0027,E27868017
a0eebc99-9c0b-4ef8-bb6d-6bb9bd380a11,E0004,A78161841
b0eebc99-9c0b-4ef8-bb6d-6bb9bd380a22,E0042,B66587601
a0eebc99-9c0b-4ef8-bb6d-6bb9bd380a11,E0014,E65787137
b0eebc99-9c0b-4ef8-bb6d-6bb9bd380a22,E0001,A43321819
a0eebc99-9c0b-4ef8-bb6d-6bb9bd380a11,E0011,E82814898
b0eebc99-9c0b-4ef8-bb6d-6bb9bd380a22,E0021,F00978825
a0eebc99-9c0b-4ef8-bb6d-6bb9bd380a11,E0017,G67010652
b0eebc99-9c0b-4ef8-bb6d-6bb9bd380a22,E0044,A65627291
a0eebc99-9c0b-4ef8-bb6d-6bb9bd380a11,E0024,B83842518
b0eebc99-9c0b-4ef8-bb6d-6bb9bd380a22,E0028,J26204503
a0eebc99-9c0b-4ef8-bb6d-6bb9bd380a11,E0023,E35346246
b0eebc99-9c0b-4ef8-bb6d-6bb9bd380a22,E0003,G54235114
a0eebc99-9c0b-4ef8-bb6d-6bb9bd380a11,E0037,E33200379
b0eebc99-9c0b-4ef8-bb6d-6bb9bd380a22,E0008,C42388496
a0eebc99-9c0b-4ef8-bb6d-6bb9bd380a11,E0020,E74687237
b0eebc99-9c0b-4ef8-bb6d-6bb9bd380a22,E0007,D05641394
a0eebc99-9c0b-4ef8-bb6d-6bb9bd380a11,E0016,J29973765
b0eebc99-9c0b-4ef8-bb6d-6bb9bd380a22,E0041,D45581220
a0eebc99-9c0b-4ef8-bb6d-6bb9bd380a11,E0038,G76320167
b0eebc99-9c0b-4ef8-bb6d-6bb9bd380a22,E0005,E13164751
a0eebc99-9c0b-4ef8-bb6d-6bb9bd380a11,E0013,J22782486
b0eebc99-9c0b-4ef8-bb6d-6bb9bd380a22,E0046,E64170806
a0eebc99-9c0b-4ef8-bb6d-6bb9bd380a11,E0026,F34874016
b0eebc99-9c0b-4ef8-bb6d-6bb9bd380a22,E0025,J08412413
