factura_id,numero,fecha,emisor_nif,emisor_empresa,importe_total,metodo_pago,despacho_id
F00001,E0048-00001,2025-01-12,E52991247,E0048,7947.33,Tarjeta,a0eebc99-9c0b-4ef8-bb6d-6bb9bd380a11
F00002,E0048-00002,2025-02-14,E52991247,E0048,3894.2,Recibo domiciliado SEPA,a0eebc99-9c0b-4ef8-bb6d-6bb9bd380a11
F00003,E0048-00003,2025-03-13,E52991247,E0048,10210.43,Pagaré,a0eebc99-9c0b-4ef8-bb6d-6bb9bd380a11
F00004,E0048-00004,2025-04-09,E52991247,E0048,2384.07,Transferencia,a0eebc99-9c0b-4ef8-bb6d-6bb9bd380a11
F00005,E0048-00005,2025-06-16,E52991247,E0048,3886.68,Transferencia,a0eebc99-9c0b-4ef8-bb6d-6bb9bd380a11
F00006,E0048-00006,2025-07-02,E52991247,E0048,11166.06,Recibo domiciliado SEPA,a0eebc99-9c0b-4ef8-bb6d-6bb9bd380a11
F00007,E0048-00007,2025-08-16,E52991247,E0048,3352.08,Transferencia,a0eebc99-9c0b-4ef8-bb6d-6bb9bd380a11
F00008,E0048-00008,2025-10-19,E52991247,E0048,5348.48,Confirming,a0eebc99-9c0b-4ef8-bb6d-6bb9bd380a11
F00009,E0048-00009,2025-11-20,E52991247,E0048,15211.61,Transferencia,a0eebc99-9c0b-4ef8-bb6d-6bb9bd380a11
F00010,E0048-00010,2025-12-09,E52991247,E0048,1436.07,Pagaré,a0eebc99-9c0b-4ef8-bb6d-6bb9bd380a11
F00011,E0019-00011,2025-01-09,B32677361,E0019,8014.04,Tarjeta,b0eebc99-9c0b-4ef8-bb6d-6bb9bd380a22
F00012,E0019-00012,2025-02-27,B32677361,E0019,10634.35,Recibo domiciliado SEPA,b0eebc99-9c0b-4ef8-bb6d-6bb9bd380a22
F00013,E0019-00013,2025-04-03,B32677361,E0019,14143.64,Recibo domiciliado SEPA,b0eebc99-9c0b-4ef8-bb6d-6bb9bd380a22
F00014,E0019-00014,2025-05-25,B32677361,E0019,6889.6,Pagaré,b0eebc99-9c0b-4ef8-bb6d-6bb9bd380a22
F00015,E0019-00015,2025-06-19,B32677361,E0019,10080.51,Recibo domiciliado SEPA,b0eebc99-9c0b-4ef8-bb6d-6bb9bd380a22
F00016,E0019-00016,2025-09-16,B32677361,E0019,8088.92,Transferencia,b0eebc99-9c0b-4ef8-bb6d-6bb9bd380a22
F00017,E0019-00017,2025-10-01,B32677361,E0019,13653.36,Pagaré,b0eebc99-9c0b-4ef8-bb6d-6bb9bd380a22
F00018,E0019-00018,2025-11-10,B32677361,E0019,7498.32,Recibo domiciliado SEPA,b0eebc99-9c0b-4ef8-bb6d-6bb9bd380a22
F00019,E0019-00019,2025-12-27,B32677361,E0019,12275.49,Tarjeta,b0eebc99-9c0b-4ef8-bb6d-6bb9bd380a22
F00020,E0029-00020,2025-01-26,F86923224,E0029,2192.7,Recibo domiciliado SEPA,a0eebc99-9c0b-4ef8-bb6d-6bb9bd380a11
F00021,E0029-00021,2025-02-16,F86923224,E0029,6289.07,Transferencia,a0eebc99-9c0b-4ef8-bb6d-6bb9bd380a11
F00022,E0029-00022,2025-03-22,F86923224,E0029,6457.11,Tarjeta,a0eebc99-9c0b-4ef8-bb6d-6bb9bd380a11
F00023,E0029-00023,2025-04-15,F86923224,E0029,2004.2,Transferencia,a0eebc99-9c0b-4ef8-bb6d-6bb9bd380a11
F00024,E0029-00024,2025-07-13,F86923224,E0029,4181.13,Pagaré,a0eebc99-9c0b-4ef8-bb6d-6bb9bd380a11
F00025,E0029-00025,2025-08-10,F86923224,E0029,5044.25,Confirming,a0eebc99-9c0b-4ef8-bb6d-6bb9bd380a11
F00026,E0029-00026,2025-09-14,F86923224,E0029,8013.68,Transferencia,a0eebc99-9c0b-4ef8-bb6d-6bb9bd380a11
F00027,E0029-00027,2025-10-15,F86923224,E0029,1757.77,Recibo domiciliado SEPA,a0eebc99-9c0b-4ef8-bb6d-6bb9bd380a11
F00028,E0029-00028,2025-11-12,F86923224,E0029,2550.94,Confirming,a0eebc99-9c0b-4ef8-bb6d-6bb9bd380a11
F00029,E0029-00029,2025-12-19,F86923224,E0029,3879.83,Recibo domiciliado SEPA,a0eebc99-9c0b-4ef8-bb6d-6bb9bd380a11
F00030,E0036-00030,2025-02-21,H77387215,E0036,7089.97,Transferencia,b0eebc99-9c0b-4ef8-bb6d-6bb9bd380a22
F00031,E0036-00031,2025-03-05,H77387215,E0036,3172.75,Tarjeta,b0eebc99-9c0b-4ef8-bb6d-6bb9bd380a22
F00032,E0036-00032,2025-04-03,H77387215,E0036,2740.56,Transferencia,b0eebc99-9c0b-4ef8-bb6d-6bb9bd380a22
F00033,E0036-00033,2025-05-04,H77387215,E0036,6326.11,Recibo domiciliado SEPA,b0eebc99-9c0b-4ef8-bb6d-6bb9bd380a22
F00034,E0036-00034,2025-06-03,H77387215,E0036,2354.07,Recibo domiciliado SEPA,b0eebc99-9c0b-4ef8-bb6d-6bb9bd380a22
F00035,E0036-00035,2025-09-18,H77387215,E0036,8154.01,Transferencia,b0eebc99-9c0b-4ef8-bb6d-6bb9bd380a22
F00036,E0036-00036,2025-10-09,H77387215,E0036,7284.13,Transferencia,b0eebc99-9c0b-4ef8-bb6d-6bb9bd380a22
F00037,E0036-00037,2025-12-21,H77387215,E0036,2287.98,Recibo domiciliado SEPA,b0eebc99-9c0b-4ef8-bb6d-6bb9bd380a22
F00038,E0034-00038,2025-02-27,F14846562,E0034,1873.06,Tarjeta,a0eebc99-9c0b-4ef8-bb6d-6bb9bd380a11
F00039,E0034-00039,2025-04-01,F14846562,E0034,2996.73,Transferencia,a0eebc99-9c0b-4ef8-bb6d-6bb9bd380a11
F00040,E0034-00040,2025-05-03,F14846562,E0034,2680.97,Recibo domiciliado SEPA,a0eebc99-9c0b-4ef8-bb6d-6bb9bd380a11
F00041,E0034-00041,2025-09-28,F14846562,E0034,3862.91,Recibo domiciliado SEPA,a0eebc99-9c0b-4ef8-bb6d-6bb9bd380a11
F00042,E0034-00042,2025-10-19,F14846562,E0034,3546.95,Recibo domiciliado SEPA,a0eebc99-9c0b-4ef8-bb6d-6bb9bd380a11
F00043,E0034-00043,2025-11-21,F14846562,E0034,4018.85,Tarjeta,a0eebc99-9c0b-4ef8-bb6d-6bb9bd380a11
F00044,E0034-00044,2025-12-22,F14846562,E0034,395.24,Transferencia,a0eebc99-9c0b-4ef8-bb6d-6bb9bd380a11
F00045,E0002-00045,2025-01-12,J90838632,E0002,1344.14,Tarjeta,b0eebc99-9c0b-4ef8-bb6d-6bb9bd380a22
F00046,E0002-00046,2025-03-08,J90838632,E0002,3245.4,Tarjeta,b0eebc99-9c0b-4ef8-bb6d-6bb9bd380a22
F00047,E0002-00047,2025-04-27,J90838632,E0002,1402.84,Pagaré,b0eebc99-9c0b-4ef8-bb6d-6bb9bd380a22
F00048,E0002-00048,2025-06-06,J90838632,E0002,1556.0,Tarjeta,b0eebc99-9c0b-4ef8-bb6d-6bb9bd380a22
F00049,E0002-00049,2025-08-24,J90838632,E0002,1994.1,Transferencia,b0eebc99-9c0b-4ef8-bb6d-6bb9bd380a22
F00050,E0002-00050,2025-09-17,J90838632,E0002,2536.68,Transferencia,b0eebc99-9c0b-4ef8-bb6d-6bb9bd380a22
F00051,E0002-00051,2025-10-20,J90838632,E0002,1161.25,Transferencia,b0eebc99-9c0b-4ef8-bb6d-6bb9bd380a22
F00052,E0002-00052,2025-11-01,J90838632,E0002,1646.54,Recibo domiciliado SEPA,b0eebc99-9c0b-4ef8-bb6d-6bb9bd380a22
F00053,E0022-00053,2025-01-04,D61939906,E0022,8862.88,Recibo domiciliado SEPA,a0eebc99-9c0b-4ef8-bb6d-6bb9bd380a11
F00054,E0022-00054,2025-02-13,D61939906,E0022,8459.92,Recibo domiciliado SEPA,a0eebc99-9c0b-4ef8-bb6d-6bb9bd380a11
F00055,E0022-00055,2025-03-25,D61939906,E0022,9010.48,Transferencia,a0eebc99-9c0b-4ef8-bb6d-6bb9bd380a11
F00056,E0022-00056,2025-04-25,D61939906,E0022,15316.69,Recibo domiciliado SEPA,a0eebc99-9c0b-4ef8-bb6d-6bb9bd380a11
F00057,E0022-00057,2025-05-17,D61939906,E0022,7374.37,Transferencia,a0eebc99-9c0b-4ef8-bb6d-6bb9bd380a11
F00058,E0022-00058,2025-06-13,D61939906,E0022,14077.72,Recibo domiciliado SEPA,a0eebc99-9c0b-4ef8-bb6d-6bb9bd380a11
F00059,E0022-00059,2025-07-27,D61939906,E0022,16329.25,Transferencia,a0eebc99-9c0b-4ef8-bb6d-6bb9bd380a11
F00060,E0022-00060,2025-08-10,D61939906,E0022,4538.37,Recibo domiciliado SEPA,a0eebc99-9c0b-4ef8-bb6d-6bb9bd380a11
F00061,E0022-00061,2025-09-24,D61939906,E0022,9834.4,Tarjeta,a0eebc99-9c0b-4ef8-bb6d-6bb9bd380a11
F00062,E0018-00062,2025-01-12,C62473178,E0018,1381.22,Transferencia,b0eebc99-9c0b-4ef8-bb6d-6bb9bd380a22
F00063,E0018-00063,2025-02-28,C62473178,E0018,4106.98,Tarjeta,b0eebc99-9c0b-4ef8-bb6d-6bb9bd380a22
F00064,E0018-00064,2025-03-12,C62473178,E0018,2082.85,Pagaré,b0eebc99-9c0b-4ef8-bb6d-6bb9bd380a22
F00065,E0018-00065,2025-05-10,C62473178,E0018,3984.93,Confirming,b0eebc99-9c0b-4ef8-bb6d-6bb9bd380a22
F00066,E0018-00066,2025-07-06,C62473178,E0018,3574.33,Tarjeta,b0eebc99-9c0b-4ef8-bb6d-6bb9bd380a22
F00067,E0018-00067,2025-09-09,C62473178,E0018,3801.26,Recibo domiciliado SEPA,b0eebc99-9c0b-4ef8-bb6d-6bb9bd380a22
F00068,E0018-00068,2025-11-03,C62473178,E0018,676.95,Recibo domiciliado SEPA,b0eebc99-9c0b-4ef8-bb6d-6bb9bd380a22
F00069,E0018-00069,2025-12-10,C62473178,E0018,1857.49,Tarjeta,b0eebc99-9c0b-4ef8-bb6d-6bb9bd380a22
F00070,E0039-00070,2025-01-26,J31727886,E0039,6002.8,Recibo domiciliado SEPA,a0eebc99-9c0b-4ef8-bb6d-6bb9bd380a11
F00071,E0039-00071,2025-02-23,J31727886,E0039,8211.34,Transferencia,a0eebc99-9c0b-4ef8-bb6d-6bb9bd380a11
F00072,E0039-00072,2025-03-03,J31727886,E0039,7408.88,Confirming,a0eebc99-9c0b-4ef8-bb6d-6bb9bd380a11
F00073,E0039-00073,2025-04-22,J31727886,E0039,5271.65,Recibo domiciliado SEPA,a0eebc99-9c0b-4ef8-bb6d-6bb9bd380a11
F00074,E0039-00074,2025-05-15,J31727886,E0039,3186.06,Transferencia,a0eebc99-9c0b-4ef8-bb6d-6bb9bd380a11
F00075,E0039-00075,2025-07-27,J31727886,E0039,5692.17,Recibo domiciliado SEPA,a0eebc99-9c0b-4ef8-bb6d-6bb9bd380a11
F00076,E0039-00076,2025-09-24,J31727886,E0039,4317.36,Recibo domiciliado SEPA,a0eebc99-9c0b-4ef8-bb6d-6bb9bd380a11
F00077,E0039-00077,2025-10-03,J31727886,E0039,2835.67,Recibo domiciliado SEPA,a0eebc99-9c0b-4ef8-bb6d-6bb9bd380a11
F00078,E0039-00078,2025-11-20,J31727886,E0039,6557.35,Pagaré,a0eebc99-9c0b-4ef8-bb6d-6bb9bd380a11
F00079,E0039-00079,2025-12-09,J31727886,E0039,2215.5,Recibo domiciliado SEPA,a0eebc99-9c0b-4ef8-bb6d-6bb9bd380a11
F00080,E0040-00080,2025-01-20,J72774342,E0040,5709.48,Transferencia,b0eebc99-9c0b-4ef8-bb6d-6bb9bd380a22
F00081,E0040-00081,2025-02-09,J72774342,E0040,3005.64,Transferencia,b0eebc99-9c0b-4ef8-bb6d-6bb9bd380a22
F00082,E0040-00082,2025-03-25,J72774342,E0040,5161.73,Transferencia,b0eebc99-9c0b-4ef8-bb6d-6bb9bd380a22
F00083,E0040-00083,2025-04-23,J72774342,E0040,3866.56,Recibo domiciliado SEPA,b0eebc99-9c0b-4ef8-bb6d-6bb9bd380a22
F00084,E0040-00084,2025-05-23,J72774342,E0040,7479.07,Pagaré,b0eebc99-9c0b-4ef8-bb6d-6bb9bd380a22
F00085,E0040-00085,2025-06-18,J72774342,E0040,3887.48,Transferencia,b0eebc99-9c0b-4ef8-bb6d-6bb9bd380a22
F00086,E0040-00086,2025-09-14,J72774342,E0040,4311.36,Tarjeta,b0eebc99-9c0b-4ef8-bb6d-6bb9bd380a22
F00087,E0040-00087,2025-11-12,J72774342,E0040,4200.71,Transferencia,b0eebc99-9c0b-4ef8-bb6d-6bb9bd380a22
F00088,E0040-00088,2025-12-17,J72774342,E0040,1823.88,Tarjeta,b0eebc99-9c0b-4ef8-bb6d-6bb9bd380a22
F00089,E0035-00089,2025-03-20,C99468043,E0035,6017.5,Pagaré,a0eebc99-9c0b-4ef8-bb6d-6bb9bd380a11
F00090,E0035-00090,2025-06-16,C99468043,E0035,4935.01,Tarjeta,a0eebc99-9c0b-4ef8-bb6d-6bb9bd380a11
F00091,E0035-00091,2025-09-20,C99468043,E0035,5933.65,Transferencia,a0eebc99-9c0b-4ef8-bb6d-6bb9bd380a11
F00092,E0035-00092,2025-10-05,C99468043,E0035,5316.38,Transferencia,a0eebc99-9c0b-4ef8-bb6d-6bb9bd380a11
F00093,E0035-00093,2025-11-16,C99468043,E0035,4046.66,Confirming,a0eebc99-9c0b-4ef8-bb6d-6bb9bd380a11
F00094,E0035-00094,2025-12-02,C99468043,E0035,4589.97,Transferencia,a0eebc99-9c0b-4ef8-bb6d-6bb9bd380a11
F00095,E0043-00095,2025-01-17,G70546684,E0043,8928.02,Recibo domiciliado SEPA,b0eebc99-9c0b-4ef8-bb6d-6bb9bd380a22
F00096,E0043-00096,2025-03-25,G70546684,E0043,6376.51,Transferencia,b0eebc99-9c0b-4ef8-bb6d-6bb9bd380a22
F00097,E0043-00097,2025-04-11,G70546684,E0043,7933.23,Transferencia,b0eebc99-9c0b-4ef8-bb6d-6bb9bd380a22
F00098,E0043-00098,2025-05-26,G70546684,E0043,6239.08,Tarjeta,b0eebc99-9c0b-4ef8-bb6d-6bb9bd380a22
F00099,E0043-00099,2025-06-08,G70546684,E0043,4206.17,Transferencia,b0eebc99-9c0b-4ef8-bb6d-6bb9bd380a22
F00100,E0043-00100,2025-09-17,G70546684,E0043,6890.87,Transferencia,b0eebc99-9c0b-4ef8-bb6d-6bb9bd380a22
F00101,E0043-00101,2025-10-25,G70546684,E0043,7507.54,Tarjeta,b0eebc99-9c0b-4ef8-bb6d-6bb9bd380a22
F00102,E0043-00102,2025-11-12,G70546684,E0043,6031.34,Recibo domiciliado SEPA,b0eebc99-9c0b-4ef8-bb6d-6bb9bd380a22
F00103,E0043-00103,2025-12-21,G70546684,E0043,4347.74,Transferencia,b0eebc99-9c0b-4ef8-bb6d-6bb9bd380a22
F00104,E0047-00104,2025-01-14,A33092321,E0047,6340.57,Transferencia,a0eebc99-9c0b-4ef8-bb6d-6bb9bd380a11
F00105,E0047-00105,2025-04-25,A33092321,E0047,4283.74,Confirming,a0eebc99-9c0b-4ef8-bb6d-6bb9bd380a11
F00106,E0047-00106,2025-07-27,A33092321,E0047,2518.07,Transferencia,a0eebc99-9c0b-4ef8-bb6d-6bb9bd380a11
F00107,E0047-00107,2025-09-19,A33092321,E0047,5890.38,Recibo domiciliado SEPA,a0eebc99-9c0b-4ef8-bb6d-6bb9bd380a11
F00108,E0047-00108,2025-10-04,A33092321,E0047,7865.46,Transferencia,a0eebc99-9c0b-4ef8-bb6d-6bb9bd380a11
F00109,E0047-00109,2025-11-03,A33092321,E0047,883.51,Recibo domiciliado SEPA,a0eebc99-9c0b-4ef8-bb6d-6bb9bd380a11
F00110,E0047-00110,2025-12-08,A33092321,E0047,4011.2,Recibo domiciliado SEPA,a0eebc99-9c0b-4ef8-bb6d-6bb9bd380a11
F00111,E0045-00111,2025-02-12,B62720461,E0045,4286.7,Recibo domiciliado SEPA,b0eebc99-9c0b-4ef8-bb6d-6bb9bd380a22
F00112,E0045-00112,2025-03-16,B62720461,E0045,4851.37,Pagaré,b0eebc99-9c0b-4ef8-bb6d-6bb9bd380a22
F00113,E0045-00113,2025-05-17,B62720461,E0045,2362.62,Transferencia,b0eebc99-9c0b-4ef8-bb6d-6bb9bd380a22
F00114,E0045-00114,2025-06-17,B62720461,E0045,6036.5,Recibo domiciliado SEPA,b0eebc99-9c0b-4ef8-bb6d-6bb9bd380a22
F00115,E0045-00115,2025-07-03,B62720461,E0045,2811.92,Recibo domiciliado SEPA,b0eebc99-9c0b-4ef8-bb6d-6bb9bd380a22
F00116,E0045-00116,2025-09-25,B62720461,E0045,8086.93,Recibo domiciliado SEPA,b0eebc99-9c0b-4ef8-bb6d-6bb9bd380a22
F00117,E0045-00117,2025-11-18,B62720461,E0045,2703.6,Recibo domiciliado SEPA,b0eebc99-9c0b-4ef8-bb6d-6bb9bd380a22
F00118,E0010-00118,2025-01-26,J48018451,E0010,5870.88,Pagaré,a0eebc99-9c0b-4ef8-bb6d-6bb9bd380a11
F00119,E0010-00119,2025-02-07,J48018451,E0010,5378.85,Pagaré,a0eebc99-9c0b-4ef8-bb6d-6bb9bd380a11
F00120,E0010-00120,2025-03-20,J48018451,E0010,6688.08,Pagaré,a0eebc99-9c0b-4ef8-bb6d-6bb9bd380a11
F00121,E0010-00121,2025-04-24,J48018451,E0010,7837.54,Tarjeta,a0eebc99-9c0b-4ef8-bb6d-6bb9bd380a11
F00122,E0010-00122,2025-06-18,J48018451,E0010,3248.54,Recibo domiciliado SEPA,a0eebc99-9c0b-4ef8-bb6d-6bb9bd380a11
F00123,E0010-00123,2025-07-14,J48018451,E0010,1493.3,Recibo domiciliado SEPA,a0eebc99-9c0b-4ef8-bb6d-6bb9bd380a11
F00124,E0010-00124,2025-08-28,J48018451,E0010,4135.83,Recibo domiciliado SEPA,a0eebc99-9c0b-4ef8-bb6d-6bb9bd380a11
F00125,E0010-00125,2025-10-01,J48018451,E0010,5089.74,Transferencia,a0eebc99-9c0b-4ef8-bb6d-6bb9bd380a11
F00126,E0010-00126,2025-11-18,J48018451,E0010,4947.8,Transferencia,a0eebc99-9c0b-4ef8-bb6d-6bb9bd380a11
F00127,E0010-00127,2025-12-24,J48018451,E0010,4835.51,Recibo domiciliado SEPA,a0eebc99-9c0b-4ef8-bb6d-6bb9bd380a11
F00128,E0009-00128,2025-02-18,J71012264,E0009,8629.22,Pagaré,b0eebc99-9c0b-4ef8-bb6d-6bb9bd380a22
F00129,E0009-00129,2025-03-18,J71012264,E0009,849.69,Confirming,b0eebc99-9c0b-4ef8-bb6d-6bb9bd380a22
F00130,E0009-00130,2025-04-27,J71012264,E0009,2094.35,Recibo domiciliado SEPA,b0eebc99-9c0b-4ef8-bb6d-6bb9bd380a22
F00131,E0009-00131,2025-05-21,J71012264,E0009,12477.39,Pagaré,b0eebc99-9c0b-4ef8-bb6d-6bb9bd380a22
F00132,E0009-00132,2025-06-22,J71012264,E0009,2436.74,Recibo domiciliado SEPA,b0eebc99-9c0b-4ef8-bb6d-6bb9bd380a22
F00133,E0009-00133,2025-07-09,J71012264,E0009,6825.16,Tarjeta,b0eebc99-9c0b-4ef8-bb6d-6bb9bd380a22
F00134,E0009-00134,2025-08-28,J71012264,E0009,8328.02,Transferencia,b0eebc99-9c0b-4ef8-bb6d-6bb9bd380a22
F00135,E0009-00135,2025-09-28,J71012264,E0009,7265.67,Confirming,b0eebc99-9c0b-4ef8-bb6d-6bb9bd380a22
F00136,E0009-00136,2025-10-11,J71012264,E0009,5142.38,Transferencia,b0eebc99-9c0b-4ef8-bb6d-6bb9bd380a22
F00137,E0009-00137,2025-12-19,J71012264,E0009,4393.33,Tarjeta,b0eebc99-9c0b-4ef8-bb6d-6bb9bd380a22
F00138,E0031-00138,2025-01-21,D03654142,E0031,1770.23,Transferencia,a0eebc99-9c0b-4ef8-bb6d-6bb9bd380a11
F00139,E0031-00139,2025-06-10,D03654142,E0031,2216.86,Tarjeta,a0eebc99-9c0b-4ef8-bb6d-6bb9bd380a11
F00140,E0031-00140,2025-07-25,D03654142,E0031,672.73,Transferencia,a0eebc99-9c0b-4ef8-bb6d-6bb9bd380a11
F00141,E0031-00141,2025-10-12,D03654142,E0031,3807.91,Recibo domiciliado SEPA,a0eebc99-9c0b-4ef8-bb6d-6bb9bd380a11
F00142,E0031-00142,2025-11-10,D03654142,E0031,1246.89,Transferencia,a0eebc99-9c0b-4ef8-bb6d-6bb9bd380a11
F00143,E0031-00143,2025-12-03,D03654142,E0031,1942.2,Recibo domiciliado SEPA,a0eebc99-9c0b-4ef8-bb6d-6bb9bd380a11
F00144,E0006-00144,2025-02-10,B92832765,E0006,260.0,Transferencia,b0eebc99-9c0b-4ef8-bb6d-6bb9bd380a22
F00145,E0006-00145,2025-03-26,B92832765,E0006,176.46,Recibo domiciliado SEPA,b0eebc99-9c0b-4ef8-bb6d-6bb9bd380a22
F00146,E0006-00146,2025-04-24,B92832765,E0006,268.42,Recibo domiciliado SEPA,b0eebc99-9c0b-4ef8-bb6d-6bb9bd380a22
F00147,E0006-00147,2025-05-03,B92832765,E0006,248.1,Recibo domiciliado SEPA,b0eebc99-9c0b-4ef8-bb6d-6bb9bd380a22
F00148,E0006-00148,2025-06-22,B92832765,E0006,180.47,Pagaré,b0eebc99-9c0b-4ef8-bb6d-6bb9bd380a22
F00149,E0006-00149,2025-07-14,B92832765,E0006,98.04,Transferencia,b0eebc99-9c0b-4ef8-bb6d-6bb9bd380a22
F00150,E0006-00150,2025-08-15,B92832765,E0006,155.68,Pagaré,b0eebc99-9c0b-4ef8-bb6d-6bb9bd380a22
F00151,E0006-00151,2025-10-15,B92832765,E0006,127.62,Pagaré,b0eebc99-9c0b-4ef8-bb6d-6bb9bd380a22
F00152,E0006-00152,2025-12-21,B92832765,E0006,116.92,Transferencia,b0eebc99-9c0b-4ef8-bb6d-6bb9bd380a22
F00153,E0033-00153,2025-01-24,J16934069,E0033,4267.68,Recibo domiciliado SEPA,a0eebc99-9c0b-4ef8-bb6d-6bb9bd380a11
F00154,E0033-00154,2025-03-25,J16934069,E0033,3642.11,Pagaré,a0eebc99-9c0b-4ef8-bb6d-6bb9bd380a11
F00155,E0033-00155,2025-04-09,J16934069,E0033,8695.86,Pagaré,a0eebc99-9c0b-4ef8-bb6d-6bb9bd380a11
F00156,E0033-00156,2025-07-27,J16934069,E0033,2965.92,Pagaré,a0eebc99-9c0b-4ef8-bb6d-6bb9bd380a11
F00157,E0033-00157,2025-10-14,J16934069,E0033,7758.65,Recibo domiciliado SEPA,a0eebc99-9c0b-4ef8-bb6d-6bb9bd380a11
F00158,E0033-00158,2025-11-12,J16934069,E0033,6671.09,Confirming,a0eebc99-9c0b-4ef8-bb6d-6bb9bd380a11
F00159,E0033-00159,2025-12-03,J16934069,E0033,1389.64,Recibo domiciliado SEPA,a0eebc99-9c0b-4ef8-bb6d-6bb9bd380a11
F00160,E0032-00160,2025-01-25,A14294011,E0032,6714.33,Pagaré,b0eebc99-9c0b-4ef8-bb6d-6bb9bd380a22
F00161,E0032-00161,2025-02-04,A14294011,E0032,3441.87,Pagaré,b0eebc99-9c0b-4ef8-bb6d-6bb9bd380a22
F00162,E0032-00162,2025-03-26,A14294011,E0032,4650.77,Transferencia,b0eebc99-9c0b-4ef8-bb6d-6bb9bd380a22
F00163,E0032-00163,2025-05-11,A14294011,E0032,3066.22,Confirming,b0eebc99-9c0b-4ef8-bb6d-6bb9bd380a22
F00164,E0032-00164,2025-07-28,A14294011,E0032,5107.22,Pagaré,b0eebc99-9c0b-4ef8-bb6d-6bb9bd380a22
F00165,E0032-00165,2025-08-03,A14294011,E0032,4861.92,Recibo domiciliado SEPA,b0eebc99-9c0b-4ef8-bb6d-6bb9bd380a22
F00166,E0032-00166,2025-09-11,A14294011,E0032,5315.98,Recibo domiciliado SEPA,b0eebc99-9c0b-4ef8-bb6d-6bb9bd380a22
F00167,E0032-00167,2025-10-27,A14294011,E0032,4928.33,Transferencia,b0eebc99-9c0b-4ef8-bb6d-6bb9bd380a22
F00168,E0032-00168,2025-12-14,A14294011,E0032,1995.14,Transferencia,b0eebc99-9c0b-4ef8-bb6d-6bb9bd380a22
F00169,E0015-00169,2025-01-03,D01031053,E0015,257.47,Transferencia,a0eebc99-9c0b-4ef8-bb6d-6bb9bd380a11
F00170,E0015-00170,2025-02-14,D01031053,E0015,654.62,Pagaré,a0eebc99-9c0b-4ef8-bb6d-6bb9bd380a11
F00171,E0015-00171,2025-04-27,D01031053,E0015,1127.55,Pagaré,a0eebc99-9c0b-4ef8-bb6d-6bb9bd380a11
F00172,E0015-00172,2025-07-15,D01031053,E0015,906.8,Transferencia,a0eebc99-9c0b-4ef8-bb6d-6bb9bd380a11
F00173,E0015-00173,2025-09-04,D01031053,E0015,860.42,Transferencia,a0eebc99-9c0b-4ef8-bb6d-6bb9bd380a11
F00174,E0015-00174,2025-10-21,D01031053,E0015,1272.44,Transferencia,a0eebc99-9c0b-4ef8-bb6d-6bb9bd380a11
F00175,E0015-00175,2025-11-04,D01031053,E0015,2961.26,Transferencia,a0eebc99-9c0b-4ef8-bb6d-6bb9bd380a11
F00176,E0030-00176,2025-01-26,G34216077,E0030,4536.64,Recibo domiciliado SEPA,b0eebc99-9c0b-4ef8-bb6d-6bb9bd380a22
F00177,E0030-00177,2025-02-03,G34216077,E0030,3018.7,Recibo domiciliado SEPA,b0eebc99-9c0b-4ef8-bb6d-6bb9bd380a22
F00178,E0030-00178,2025-03-24,G34216077,E0030,1100.32,Confirming,b0eebc99-9c0b-4ef8-bb6d-6bb9bd380a22
F00179,E0030-00179,2025-05-20,G34216077,E0030,2856.4,Transferencia,b0eebc99-9c0b-4ef8-bb6d-6bb9bd380a22
F00180,E0030-00180,2025-08-24,G34216077,E0030,3377.57,Pagaré,b0eebc99-9c0b-4ef8-bb6d-6bb9bd380a22
F00181,E0030-00181,2025-09-16,G34216077,E0030,5577.05,Recibo domiciliado SEPA,b0eebc99-9c0b-4ef8-bb6d-6bb9bd380a22
F00182,E0030-00182,2025-10-04,G34216077,E0030,2803.03,Transferencia,b0eebc99-9c0b-4ef8-bb6d-6bb9bd380a22
F00183,E0030-00183,2025-11-23,G34216077,E0030,2664.6,Pagaré,b0eebc99-9c0b-4ef8-bb6d-6bb9bd380a22
F00184,E0030-00184,2025-12-02,G34216077,E0030,3239.48,Transferencia,b0eebc99-9c0b-4ef8-bb6d-6bb9bd380a22
F00185,E0012-00185,2025-02-24,F70154307,E0012,694.65,Tarjeta,a0eebc99-9c0b-4ef8-bb6d-6bb9bd380a11
F00186,E0012-00186,2025-04-21,F70154307,E0012,672.72,Tarjeta,a0eebc99-9c0b-4ef8-bb6d-6bb9bd380a11
F00187,E0012-00187,2025-05-17,F70154307,E0012,2112.12,Confirming,a0eebc99-9c0b-4ef8-bb6d-6bb9bd380a11
F00188,E0012-00188,2025-06-12,F70154307,E0012,3834.94,Recibo domiciliado SEPA,a0eebc99-9c0b-4ef8-bb6d-6bb9bd380a11
F00189,E0012-00189,2025-08-28,F70154307,E0012,2306.95,Transferencia,a0eebc99-9c0b-4ef8-bb6d-6bb9bd380a11
F00190,E0012-00190,2025-10-04,F70154307,E0012,2286.98,Transferencia,a0eebc99-9c0b-4ef8-bb6d-6bb9bd380a11
F00191,E0012-00191,2025-11-03,F70154307,E0012,3062.56,Transferencia,a0eebc99-9c0b-4ef8-bb6d-6bb9bd380a11
F00192,E0012-00192,2025-12-06,F70154307,E0012,2251.21,Transferencia,a0eebc99-9c0b-4ef8-bb6d-6bb9bd380a11
F00193,E0027-00193,2025-02-09,E27868017,E0027,1432.95,Tarjeta,b0eebc99-9c0b-4ef8-bb6d-6bb9bd380a22
F00194,E0027-00194,2025-03-28,E27868017,E0027,5850.02,Tarjeta,b0eebc99-9c0b-4ef8-bb6d-6bb9bd380a22
F00195,E0027-00195,2025-04-13,E27868017,E0027,4682.7,Pagaré,b0eebc99-9c0b-4ef8-bb6d-6bb9bd380a22
F00196,E0027-00196,2025-05-05,E27868017,E0027,9633.4,Transferencia,b0eebc99-9c0b-4ef8-bb6d-6bb9bd380a22
F00197,E0027-00197,2025-06-13,E27868017,E0027,12392.37,Pagaré,b0eebc99-9c0b-4ef8-bb6d-6bb9bd380a22
F00198,E0027-00198,2025-07-11,E27868017,E0027,4776.2,Recibo domiciliado SEPA,b0eebc99-9c0b-4ef8-bb6d-6bb9bd380a22
F00199,E0027-00199,2025-10-19,E27868017,E0027,7973.26,Confirming,b0eebc99-9c0b-4ef8-bb6d-6bb9bd380a22
F00200,E0004-00200,2025-02-08,A78161841,E0004,5122.77,Recibo domiciliado SEPA,a0eebc99-9c0b-4ef8-bb6d-6bb9bd380a11
F00201,E0004-00201,2025-03-02,A78161841,E0004,2801.86,Transferencia,a0eebc99-9c0b-4ef8-bb6d-6bb9bd380a11
F00202,E0004-00202,2025-04-05,A78161841,E0004,532.88,Transferencia,a0eebc99-9c0b-4ef8-bb6d-6bb9bd380a11
F00203,E0004-00203,2025-06-28,A78161841,E0004,1918.8,Recibo domiciliado SEPA,a0eebc99-9c0b-4ef8-bb6d-6bb9bd380a11
F00204,E0004-00204,2025-07-06,A78161841,E0004,2343.55,Pagaré,a0eebc99-9c0b-4ef8-bb6d-6bb9bd380a11
F00205,E0004-00205,2025-10-23,A78161841,E0004,2006.6,Transferencia,a0eebc99-9c0b-4ef8-bb6d-6bb9bd380a11
F00206,E0042-00206,2025-01-11,B66587601,E0042,4005.15,Transferencia,b0eebc99-9c0b-4ef8-bb6d-6bb9bd380a22
F00207,E0042-00207,2025-02-12,B66587601,E0042,1834.34,Transferencia,b0eebc99-9c0b-4ef8-bb6d-6bb9bd380a22
F00208,E0042-00208,2025-03-16,B66587601,E0042,3410.56,Tarjeta,b0eebc99-9c0b-4ef8-bb6d-6bb9bd380a22
F00209,E0042-00209,2025-04-09,B66587601,E0042,1988.56,Confirming,b0eebc99-9c0b-4ef8-bb6d-6bb9bd380a22
F00210,E0042-00210,2025-07-03,B66587601,E0042,6938.81,Transferencia,b0eebc99-9c0b-4ef8-bb6d-6bb9bd380a22
F00211,E0042-00211,2025-08-18,B66587601,E0042,5077.3,Pagaré,b0eebc99-9c0b-4ef8-bb6d-6bb9bd380a22
F00212,E0042-00212,2025-09-27,B66587601,E0042,8956.22,Pagaré,b0eebc99-9c0b-4ef8-bb6d-6bb9bd380a22
F00213,E0042-00213,2025-10-22,B66587601,E0042,6834.71,Transferencia,b0eebc99-9c0b-4ef8-bb6d-6bb9bd380a22
F00214,E0042-00214,2025-11-19,B66587601,E0042,11313.68,Transferencia,b0eebc99-9c0b-4ef8-bb6d-6bb9bd380a22
F00215,E0042-00215,2025-12-16,B66587601,E0042,5183.79,Recibo domiciliado SEPA,b0eebc99-9c0b-4ef8-bb6d-6bb9bd380a22
F00216,E0014-00216,2025-01-02,E65787137,E0014,3048.6,Recibo domiciliado SEPA,a0eebc99-9c0b-4ef8-bb6d-6bb9bd380a11
F00217,E0014-00217,2025-02-09,E65787137,E0014,1620.49,Recibo domiciliado SEPA,a0eebc99-9c0b-4ef8-bb6d-6bb9bd380a11
F00218,E0014-00218,2025-03-25,E65787137,E0014,3023.59,Confirming,a0eebc99-9c0b-4ef8-bb6d-6bb9bd380a11
F00219,E0014-00219,2025-05-14,E65787137,E0014,3316.02,Transferencia,a0eebc99-9c0b-4ef8-bb6d-6bb9bd380a11
F00220,E0014-00220,2025-06-11,E65787137,E0014,1701.68,Pagaré,a0eebc99-9c0b-4ef8-bb6d-6bb9bd380a11
F00221,E0014-00221,2025-07-10,E65787137,E0014,2504.01,Transferencia,a0eebc99-9c0b-4ef8-bb6d-6bb9bd380a11
F00222,E0014-00222,2025-08-07,E65787137,E0014,3603.24,Recibo domiciliado SEPA,a0eebc99-9c0b-4ef8-bb6d-6bb9bd380a11
F00223,E0014-00223,2025-09-13,E65787137,E0014,1201.86,Transferencia,a0eebc99-9c0b-4ef8-bb6d-6bb9bd380a11
F00224,E0014-00224,2025-10-15,E65787137,E0014,3195.39,Recibo domiciliado SEPA,a0eebc99-9c0b-4ef8-bb6d-6bb9bd380a11
F00225,E0014-00225,2025-11-09,E65787137,E0014,2186.31,Pagaré,a0eebc99-9c0b-4ef8-bb6d-6bb9bd380a11
F00226,E0001-00226,2025-01-20,A43321819,E0001,2036.78,Tarjeta,b0eebc99-9c0b-4ef8-bb6d-6bb9bd380a22
F00227,E0001-00227,2025-03-27,A43321819,E0001,1657.88,Recibo domiciliado SEPA,b0eebc99-9c0b-4ef8-bb6d-6bb9bd380a22
F00228,E0001-00228,2025-04-09,A43321819,E0001,1091.3,Recibo domiciliado SEPA,b0eebc99-9c0b-4ef8-bb6d-6bb9bd380a22
F00229,E0001-00229,2025-08-24,A43321819,E0001,1858.02,Transferencia,b0eebc99-9c0b-4ef8-bb6d-6bb9bd380a22
F00230,E0001-00230,2025-10-08,A43321819,E0001,2899.44,Pagaré,b0eebc99-9c0b-4ef8-bb6d-6bb9bd380a22
F00231,E0001-00231,2025-11-06,A43321819,E0001,1626.33,Confirming,b0eebc99-9c0b-4ef8-bb6d-6bb9bd380a22
F00232,E0011-00232,2025-01-17,E82814898,E0011,2807.74,Transferencia,a0eebc99-9c0b-4ef8-bb6d-6bb9bd380a11
F00233,E0011-00233,2025-02-23,E82814898,E0011,1956.02,Transferencia,a0eebc99-9c0b-4ef8-bb6d-6bb9bd380a11
F00234,E0011-00234,2025-08-01,E82814898,E0011,2005.23,Recibo domiciliado SEPA,a0eebc99-9c0b-4ef8-bb6d-6bb9bd380a11
F00235,E0011-00235,2025-09-14,E82814898,E0011,2445.34,Recibo domiciliado SEPA,a0eebc99-9c0b-4ef8-bb6d-6bb9bd380a11
F00236,E0011-00236,2025-10-25,E82814898,E0011,751.98,Tarjeta,a0eebc99-9c0b-4ef8-bb6d-6bb9bd380a11
F00237,E0011-00237,2025-12-12,E82814898,E0011,1715.41,Transferencia,a0eebc99-9c0b-4ef8-bb6d-6bb9bd380a11
F00238,E0021-00238,2025-02-11,F00978825,E0021,2343.81,Confirming,b0eebc99-9c0b-4ef8-bb6d-6bb9bd380a22
F00239,E0021-00239,2025-04-19,F00978825,E0021,3393.03,Recibo domiciliado SEPA,b0eebc99-9c0b-4ef8-bb6d-6bb9bd380a22
F00240,E0021-00240,2025-06-20,F00978825,E0021,6163.63,Confirming,b0eebc99-9c0b-4ef8-bb6d-6bb9bd380a22
F00241,E0021-00241,2025-08-21,F00978825,E0021,6297.56,Transferencia,b0eebc99-9c0b-4ef8-bb6d-6bb9bd380a22
F00242,E0021-00242,2025-09-04,F00978825,E0021,4868.16,Transferencia,b0eebc99-9c0b-4ef8-bb6d-6bb9bd380a22
F00243,E0021-00243,2025-10-12,F00978825,E0021,2670.45,Pagaré,b0eebc99-9c0b-4ef8-bb6d-6bb9bd380a22
F00244,E0021-00244,2025-11-04,F00978825,E0021,4463.81,Tarjeta,b0eebc99-9c0b-4ef8-bb6d-6bb9bd380a22
F00245,E0021-00245,2025-12-02,F00978825,E0021,4152.0,Transferencia,b0eebc99-9c0b-4ef8-bb6d-6bb9bd380a22
F00246,E0017-00246,2025-01-20,G67010652,E0017,1000.16,Transferencia,a0eebc99-9c0b-4ef8-bb6d-6bb9bd380a11
F00247,E0017-00247,2025-03-26,G67010652,E0017,563.84,Transferencia,a0eebc99-9c0b-4ef8-bb6d-6bb9bd380a11
F00248,E0017-00248,2025-04-06,G67010652,E0017,240.04,Recibo domiciliado SEPA,a0eebc99-9c0b-4ef8-bb6d-6bb9bd380a11
F00249,E0017-00249,2025-06-21,G67010652,E0017,1063.93,Transferencia,a0eebc99-9c0b-4ef8-bb6d-6bb9bd380a11
F00250,E0017-00250,2025-09-18,G67010652,E0017,763.9,Tarjeta,a0eebc99-9c0b-4ef8-bb6d-6bb9bd380a11
F00251,E0017-00251,2025-11-09,G67010652,E0017,686.2,Transferencia,a0eebc99-9c0b-4ef8-bb6d-6bb9bd380a11
F00252,E0044-00252,2025-02-21,A65627291,E0044,3984.09,Transferencia,b0eebc99-9c0b-4ef8-bb6d-6bb9bd380a22
F00253,E0044-00253,2025-06-21,A65627291,E0044,4915.36,Pagaré,b0eebc99-9c0b-4ef8-bb6d-6bb9bd380a22
F00254,E0044-00254,2025-08-04,A65627291,E0044,4652.54,Transferencia,b0eebc99-9c0b-4ef8-bb6d-6bb9bd380a22
F00255,E0044-00255,2025-10-24,A65627291,E0044,4796.3,Pagaré,b0eebc99-9c0b-4ef8-bb6d-6bb9bd380a22
F00256,E0044-00256,2025-11-27,A65627291,E0044,8234.28,Pagaré,b0eebc99-9c0b-4ef8-bb6d-6bb9bd380a22
F00257,E0044-00257,2025-12-24,A65627291,E0044,6758.08,Transferencia,b0eebc99-9c0b-4ef8-bb6d-6bb9bd380a22
F00258,E0024-00258,2025-03-15,B83842518,E0024,8686.09,Tarjeta,a0eebc99-9c0b-4ef8-bb6d-6bb9bd380a11
F00259,E0024-00259,2025-04-18,B83842518,E0024,6860.77,Tarjeta,a0eebc99-9c0b-4ef8-bb6d-6bb9bd380a11
F00260,E0024-00260,2025-05-18,B83842518,E0024,7849.18,Recibo domiciliado SEPA,a0eebc99-9c0b-4ef8-bb6d-6bb9bd380a11
F00261,E0024-00261,2025-06-26,B83842518,E0024,7119.82,Transferencia,a0eebc99-9c0b-4ef8-bb6d-6bb9bd380a11
F00262,E0024-00262,2025-07-04,B83842518,E0024,9926.0,Recibo domiciliado SEPA,a0eebc99-9c0b-4ef8-bb6d-6bb9bd380a11
F00263,E0024-00263,2025-09-22,B83842518,E0024,13805.15,Transferencia,a0eebc99-9c0b-4ef8-bb6d-6bb9bd380a11
F00264,E0024-00264,2025-11-20,B83842518,E0024,7621.19,Transferencia,a0eebc99-9c0b-4ef8-bb6d-6bb9bd380a11
F00265,E0024-00265,2025-12-05,B83842518,E0024,6582.92,Transferencia,a0eebc99-9c0b-4ef8-bb6d-6bb9bd380a11
F00266,E0028-00266,2025-01-17,J26204503,E0028,10321.94,Transferencia,b0eebc99-9c0b-4ef8-bb6d-6bb9bd380a22
F00267,E0028-00267,2025-02-20,J26204503,E0028,9315.65,Recibo domiciliado SEPA,b0eebc99-9c0b-4ef8-bb6d-6bb9bd380a22
F00268,E0028-00268,2025-03-04,J26204503,E0028,12505.81,Recibo domiciliado SEPA,b0eebc99-9c0b-4ef8-bb6d-6bb9bd380a22
F00269,E0028-00269,2025-05-04,J26204503,E0028,12554.83,Transferencia,b0eebc99-9c0b-4ef8-bb6d-6bb9bd380a22
F00270,E0028-00270,2025-06-05,J26204503,E0028,12549.19,Transferencia,b0eebc99-9c0b-4ef8-bb6d-6bb9bd380a22
F00271,E0028-00271,2025-07-21,J26204503,E0028,8924.1,Recibo domiciliado SEPA,b0eebc99-9c0b-4ef8-bb6d-6bb9bd380a22
F00272,E0028-00272,2025-08-17,J26204503,E0028,12648.07,Transferencia,b0eebc99-9c0b-4ef8-bb6d-6bb9bd380a22
F00273,E0028-00273,2025-09-26,J26204503,E0028,7505.14,Tarjeta,b0eebc99-9c0b-4ef8-bb6d-6bb9bd380a22
F00274,E0028-00274,2025-10-03,J26204503,E0028,9761.22,Transferencia,b0eebc99-9c0b-4ef8-bb6d-6bb9bd380a22
F00275,E0028-00275,2025-11-18,J26204503,E0028,7320.95,Transferencia,b0eebc99-9c0b-4ef8-bb6d-6bb9bd380a22
F00276,E0023-00276,2025-01-11,E35346246,E0023,5194.06,Transferencia,a0eebc99-9c0b-4ef8-bb6d-6bb9bd380a11
F00277,E0023-00277,2025-02-15,E35346246,E0023,6618.53,Recibo domiciliado SEPA,a0eebc99-9c0b-4ef8-bb6d-6bb9bd380a11
F00278,E0023-00278,2025-03-24,E35346246,E0023,4474.28,Tarjeta,a0eebc99-9c0b-4ef8-bb6d-6bb9bd380a11
F00279,E0023-00279,2025-04-25,E35346246,E0023,5441.24,Recibo domiciliado SEPA,a0eebc99-9c0b-4ef8-bb6d-6bb9bd380a11
F00280,E0023-00280,2025-05-05,E35346246,E0023,4123.06,Recibo domiciliado SEPA,a0eebc99-9c0b-4ef8-bb6d-6bb9bd380a11
F00281,E0023-00281,2025-06-12,E35346246,E0023,14849.42,Recibo domiciliado SEPA,a0eebc99-9c0b-4ef8-bb6d-6bb9bd380a11
F00282,E0023-00282,2025-07-02,E35346246,E0023,3156.36,Transferencia,a0eebc99-9c0b-4ef8-bb6d-6bb9bd380a11
F00283,E0023-00283,2025-09-15,E35346246,E0023,3141.22,Tarjeta,a0eebc99-9c0b-4ef8-bb6d-6bb9bd380a11
F00284,E0023-00284,2025-10-09,E35346246,E0023,13709.89,Recibo domiciliado SEPA,a0eebc99-9c0b-4ef8-bb6d-6bb9bd380a11
F00285,E0023-00285,2025-11-27,E35346246,E0023,9050.57,Tarjeta,a0eebc99-9c0b-4ef8-bb6d-6bb9bd380a11
F00286,E0003-00286,2025-02-24,G54235114,E0003,719.99,Transferencia,b0eebc99-9c0b-4ef8-bb6d-6bb9bd380a22
F00287,E0003-00287,2025-03-02,G54235114,E0003,605.05,Tarjeta,b0eebc99-9c0b-4ef8-bb6d-6bb9bd380a22
F00288,E0003-00288,2025-04-20,G54235114,E0003,1251.66,Confirming,b0eebc99-9c0b-4ef8-bb6d-6bb9bd380a22
F00289,E0003-00289,2025-06-19,G54235114,E0003,504.99,Tarjeta,b0eebc99-9c0b-4ef8-bb6d-6bb9bd380a22
F00290,E0003-00290,2025-08-03,G54235114,E0003,618.9,Transferencia,b0eebc99-9c0b-4ef8-bb6d-6bb9bd380a22
F00291,E0003-00291,2025-10-20,G54235114,E0003,883.42,Transferencia,b0eebc99-9c0b-4ef8-bb6d-6bb9bd380a22
F00292,E0003-00292,2025-12-14,G54235114,E0003,735.62,Transferencia,b0eebc99-9c0b-4ef8-bb6d-6bb9bd380a22
F00293,E0037-00293,2025-01-01,E33200379,E0037,1562.39,Recibo domiciliado SEPA,a0eebc99-9c0b-4ef8-bb6d-6bb9bd380a11
F00294,E0037-00294,2025-03-09,E33200379,E0037,3318.59,Transferencia,a0eebc99-9c0b-4ef8-bb6d-6bb9bd380a11
F00295,E0037-00295,2025-04-18,E33200379,E0037,1414.74,Recibo domiciliado SEPA,a0eebc99-9c0b-4ef8-bb6d-6bb9bd380a11
F00296,E0037-00296,2025-05-13,E33200379,E0037,1944.24,Tarjeta,a0eebc99-9c0b-4ef8-bb6d-6bb9bd380a11
F00297,E0037-00297,2025-06-03,E33200379,E0037,3277.19,Recibo domiciliado SEPA,a0eebc99-9c0b-4ef8-bb6d-6bb9bd380a11
F00298,E0037-00298,2025-07-02,E33200379,E0037,2352.68,Pagaré,a0eebc99-9c0b-4ef8-bb6d-6bb9bd380a11
F00299,E0037-00299,2025-08-13,E33200379,E0037,1462.46,Recibo domiciliado SEPA,a0eebc99-9c0b-4ef8-bb6d-6bb9bd380a11
F00300,E0037-00300,2025-09-12,E33200379,E0037,2511.94,Transferencia,a0eebc99-9c0b-4ef8-bb6d-6bb9bd380a11
F00301,E0037-00301,2025-10-04,E33200379,E0037,3567.94,Recibo domiciliado SEPA,a0eebc99-9c0b-4ef8-bb6d-6bb9bd380a11
F00302,E0037-00302,2025-11-25,E33200379,E0037,1932.06,Recibo domiciliado SEPA,a0eebc99-9c0b-4ef8-bb6d-6bb9bd380a11
F00303,E0008-00303,2025-01-22,C42388496,E0008,4460.43,Pagaré,b0eebc99-9c0b-4ef8-bb6d-6bb9bd380a22
F00304,E0008-00304,2025-03-22,C42388496,E0008,1369.47,Confirming,b0eebc99-9c0b-4ef8-bb6d-6bb9bd380a22
F00305,E0008-00305,2025-04-07,C42388496,E0008,4132.25,Tarjeta,b0eebc99-9c0b-4ef8-bb6d-6bb9bd380a22
F00306,E0008-00306,2025-05-11,C42388496,E0008,5037.65,Recibo domiciliado SEPA,b0eebc99-9c0b-4ef8-bb6d-6bb9bd380a22
F00307,E0008-00307,2025-08-02,C42388496,E0008,4194.51,Recibo domiciliado SEPA,b0eebc99-9c0b-4ef8-bb6d-6bb9bd380a22
F00308,E0008-00308,2025-09-04,C42388496,E0008,3472.48,Transferencia,b0eebc99-9c0b-4ef8-bb6d-6bb9bd380a22
F00309,E0008-00309,2025-10-25,C42388496,E0008,4774.21,Recibo domiciliado SEPA,b0eebc99-9c0b-4ef8-bb6d-6bb9bd380a22
F00310,E0008-00310,2025-12-18,C42388496,E0008,4216.12,Recibo domiciliado SEPA,b0eebc99-9c0b-4ef8-bb6d-6bb9bd380a22
F00311,E0020-00311,2025-01-23,E74687237,E0020,13084.11,Transferencia,a0eebc99-9c0b-4ef8-bb6d-6bb9bd380a11
F00312,E0020-00312,2025-04-09,E74687237,E0020,9532.51,Recibo domiciliado SEPA,a0eebc99-9c0b-4ef8-bb6d-6bb9bd380a11
F00313,E0020-00313,2025-05-10,E74687237,E0020,16108.15,Transferencia,a0eebc99-9c0b-4ef8-bb6d-6bb9bd380a11
F00314,E0020-00314,2025-06-11,E74687237,E0020,13648.15,Recibo domiciliado SEPA,a0eebc99-9c0b-4ef8-bb6d-6bb9bd380a11
F00315,E0020-00315,2025-07-13,E74687237,E0020,12890.07,Transferencia,a0eebc99-9c0b-4ef8-bb6d-6bb9bd380a11
F00316,E0020-00316,2025-08-22,E74687237,E0020,15009.5,Transferencia,a0eebc99-9c0b-4ef8-bb6d-6bb9bd380a11
F00317,E0020-00317,2025-09-03,E74687237,E0020,17610.63,Transferencia,a0eebc99-9c0b-4ef8-bb6d-6bb9bd380a11
F00318,E0020-00318,2025-10-01,E74687237,E0020,14109.95,Transferencia,a0eebc99-9c0b-4ef8-bb6d-6bb9bd380a11
F00319,E0020-00319,2025-11-20,E74687237,E0020,19859.69,Recibo domiciliado SEPA,a0eebc99-9c0b-4ef8-bb6d-6bb9bd380a11
F00320,E0020-00320,2025-12-14,E74687237,E0020,4049.34,Transferencia,a0eebc99-9c0b-4ef8-bb6d-6bb9bd380a11
F00321,E0007-00321,2025-01-07,D05641394,E0007,6044.29,Recibo domiciliado SEPA,b0eebc99-9c0b-4ef8-bb6d-6bb9bd380a22
F00322,E0007-00322,2025-03-18,D05641394,E0007,2132.77,Tarjeta,b0eebc99-9c0b-4ef8-bb6d-6bb9bd380a22
F00323,E0007-00323,2025-04-16,D05641394,E0007,1344.36,Transferencia,b0eebc99-9c0b-4ef8-bb6d-6bb9bd380a22
F00324,E0007-00324,2025-05-10,D05641394,E0007,3172.1,Transferencia,b0eebc99-9c0b-4ef8-bb6d-6bb9bd380a22
F00325,E0007-00325,2025-07-26,D05641394,E0007,552.65,Transferencia,b0eebc99-9c0b-4ef8-bb6d-6bb9bd380a22
F00326,E0007-00326,2025-09-06,D05641394,E0007,3134.89,Transferencia,b0eebc99-9c0b-4ef8-bb6d-6bb9bd380a22
F00327,E0007-00327,2025-10-02,D05641394,E0007,7717.5,Transferencia,b0eebc99-9c0b-4ef8-bb6d-6bb9bd380a22
F00328,E0007-00328,2025-11-09,D05641394,E0007,3305.07,Recibo domiciliado SEPA,b0eebc99-9c0b-4ef8-bb6d-6bb9bd380a22
F00329,E0007-00329,2025-12-26,D05641394,E0007,3611.88,Transferencia,b0eebc99-9c0b-4ef8-bb6d-6bb9bd380a22
F00330,E0016-00330,2025-01-02,J29973765,E0016,4027.54,Transferencia,a0eebc99-9c0b-4ef8-bb6d-6bb9bd380a11
F00331,E0016-00331,2025-02-05,J29973765,E0016,1416.22,Transferencia,a0eebc99-9c0b-4ef8-bb6d-6bb9bd380a11
F00332,E0016-00332,2025-03-18,J29973765,E0016,2292.83,Transferencia,a0eebc99-9c0b-4ef8-bb6d-6bb9bd380a11
F00333,E0016-00333,2025-04-21,J29973765,E0016,3750.56,Recibo domiciliado SEPA,a0eebc99-9c0b-4ef8-bb6d-6bb9bd380a11
F00334,E0016-00334,2025-05-25,J29973765,E0016,1435.56,Recibo domiciliado SEPA,a0eebc99-9c0b-4ef8-bb6d-6bb9bd380a11
F00335,E0016-00335,2025-06-07,J29973765,E0016,1157.44,Transferencia,a0eebc99-9c0b-4ef8-bb6d-6bb9bd380a11
F00336,E0016-00336,2025-07-23,J29973765,E0016,560.91,Recibo domiciliado SEPA,a0eebc99-9c0b-4ef8-bb6d-6bb9bd380a11
F00337,E0016-00337,2025-08-07,J29973765,E0016,1042.6,Pagaré,a0eebc99-9c0b-4ef8-bb6d-6bb9bd380a11
F00338,E0016-00338,2025-09-02,J29973765,E0016,1043.49,Tarjeta,a0eebc99-9c0b-4ef8-bb6d-6bb9bd380a11
F00339,E0016-00339,2025-12-18,J29973765,E0016,2649.72,Recibo domiciliado SEPA,a0eebc99-9c0b-4ef8-bb6d-6bb9bd380a11
F00340,E0041-00340,2025-01-06,D45581220,E0041,7479.42,Tarjeta,b0eebc99-9c0b-4ef8-bb6d-6bb9bd380a22
F00341,E0041-00341,2025-06-21,D45581220,E0041,6502.22,Recibo domiciliado SEPA,b0eebc99-9c0b-4ef8-bb6d-6bb9bd380a22
F00342,E0041-00342,2025-07-02,D45581220,E0041,3936.4,Confirming,b0eebc99-9c0b-4ef8-bb6d-6bb9bd380a22
F00343,E0041-00343,2025-08-17,D45581220,E0041,3495.58,Recibo domiciliado SEPA,b0eebc99-9c0b-4ef8-bb6d-6bb9bd380a22
F00344,E0041-00344,2025-10-13,D45581220,E0041,3734.52,Recibo domiciliado SEPA,b0eebc99-9c0b-4ef8-bb6d-6bb9bd380a22
F00345,E0041-00345,2025-11-23,D45581220,E0041,617.73,Pagaré,b0eebc99-9c0b-4ef8-bb6d-6bb9bd380a22
F00346,E0038-00346,2025-02-01,G76320167,E0038,5616.84,Recibo domiciliado SEPA,a0eebc99-9c0b-4ef8-bb6d-6bb9bd380a11
F00347,E0038-00347,2025-04-24,G76320167,E0038,5744.07,Confirming,a0eebc99-9c0b-4ef8-bb6d-6bb9bd380a11
F00348,E0038-00348,2025-05-02,G76320167,E0038,6838.87,Recibo domiciliado SEPA,a0eebc99-9c0b-4ef8-bb6d-6bb9bd380a11
F00349,E0038-00349,2025-06-19,G76320167,E0038,6931.71,Transferencia,a0eebc99-9c0b-4ef8-bb6d-6bb9bd380a11
F00350,E0038-00350,2025-07-11,G76320167,E0038,11306.2,Transferencia,a0eebc99-9c0b-4ef8-bb6d-6bb9bd380a11
F00351,E0038-00351,2025-10-12,G76320167,E0038,8475.69,Transferencia,a0eebc99-9c0b-4ef8-bb6d-6bb9bd380a11
F00352,E0038-00352,2025-11-01,G76320167,E0038,6893.58,Transferencia,a0eebc99-9c0b-4ef8-bb6d-6bb9bd380a11
F00353,E0038-00353,2025-12-10,G76320167,E0038,6493.8,Transferencia,a0eebc99-9c0b-4ef8-bb6d-6bb9bd380a11
F00354,E0005-00354,2025-02-18,E13164751,E0005,1480.2,Transferencia,b0eebc99-9c0b-4ef8-bb6d-6bb9bd380a22
F00355,E0005-00355,2025-05-17,E13164751,E0005,1864.06,Transferencia,b0eebc99-9c0b-4ef8-bb6d-6bb9bd380a22
F00356,E0005-00356,2025-06-02,E13164751,E0005,1898.61,Recibo domiciliado SEPA,b0eebc99-9c0b-4ef8-bb6d-6bb9bd380a22
F00357,E0005-00357,2025-07-13,E13164751,E0005,3010.44,Recibo domiciliado SEPA,b0eebc99-9c0b-4ef8-bb6d-6bb9bd380a22
F00358,E0005-00358,2025-08-22,E13164751,E0005,1650.86,Tarjeta,b0eebc99-9c0b-4ef8-bb6d-6bb9bd380a22
F00359,E0005-00359,2025-09-19,E13164751,E0005,1524.28,Tarjeta,b0eebc99-9c0b-4ef8-bb6d-6bb9bd380a22
F00360,E0005-00360,2025-12-14,E13164751,E0005,1912.77,Confirming,b0eebc99-9c0b-4ef8-bb6d-6bb9bd380a22
F00361,E0013-00361,2025-01-28,J22782486,E0013,2865.91,Recibo domiciliado SEPA,a0eebc99-9c0b-4ef8-bb6d-6bb9bd380a11
F00362,E0013-00362,2025-02-08,J22782486,E0013,1734.55,Pagaré,a0eebc99-9c0b-4ef8-bb6d-6bb9bd380a11
F00363,E0013-00363,2025-03-11,J22782486,E0013,1989.33,Tarjeta,a0eebc99-9c0b-4ef8-bb6d-6bb9bd380a11
F00364,E0013-00364,2025-04-24,J22782486,E0013,3869.39,Recibo domiciliado SEPA,a0eebc99-9c0b-4ef8-bb6d-6bb9bd380a11
F00365,E0013-00365,2025-07-25,J22782486,E0013,1460.15,Recibo domiciliado SEPA,a0eebc99-9c0b-4ef8-bb6d-6bb9bd380a11
F00366,E0013-00366,2025-08-14,J22782486,E0013,1710.72,Transferencia,a0eebc99-9c0b-4ef8-bb6d-6bb9bd380a11
F00367,E0013-00367,2025-09-04,J22782486,E0013,2415.74,Transferencia,a0eebc99-9c0b-4ef8-bb6d-6bb9bd380a11
F00368,E0013-00368,2025-10-04,J22782486,E0013,3677.87,Transferencia,a0eebc99-9c0b-4ef8-bb6d-6bb9bd380a11
F00369,E0013-00369,2025-11-19,J22782486,E0013,1256.58,Tarjeta,a0eebc99-9c0b-4ef8-bb6d-6bb9bd380a11
F00370,E0013-00370,2025-12-24,J22782486,E0013,752.57,Pagaré,a0eebc99-9c0b-4ef8-bb6d-6bb9bd380a11
F00371,E0046-00371,2025-01-15,E64170806,E0046,9780.44,Transferencia,b0eebc99-9c0b-4ef8-bb6d-6bb9bd380a22
F00372,E0046-00372,2025-02-28,E64170806,E0046,9644.98,Transferencia,b0eebc99-9c0b-4ef8-bb6d-6bb9bd380a22
F00373,E0046-00373,2025-04-12,E64170806,E0046,2968.96,Confirming,b0eebc99-9c0b-4ef8-bb6d-6bb9bd380a22
F00374,E0046-00374,2025-05-27,E64170806,E0046,5236.38,Recibo domiciliado SEPA,b0eebc99-9c0b-4ef8-bb6d-6bb9bd380a22
F00375,E0046-00375,2025-06-04,E64170806,E0046,10926.73,Recibo domiciliado SEPA,b0eebc99-9c0b-4ef8-bb6d-6bb9bd380a22
F00376,E0046-00376,2025-07-16,E64170806,E0046,10098.36,Recibo domiciliado SEPA,b0eebc99-9c0b-4ef8-bb6d-6bb9bd380a22
F00377,E0046-00377,2025-08-14,E64170806,E0046,7603.49,Recibo domiciliado SEPA,b0eebc99-9c0b-4ef8-bb6d-6bb9bd380a22
F00378,E0046-00378,2025-09-10,E64170806,E0046,8308.55,Transferencia,b0eebc99-9c0b-4ef8-bb6d-6bb9bd380a22
F00379,E0046-00379,2025-10-26,E64170806,E0046,5472.6,Transferencia,b0eebc99-9c0b-4ef8-bb6d-6bb9bd380a22
F00380,E0046-00380,2025-11-14,E64170806,E0046,9367.16,Tarjeta,b0eebc99-9c0b-4ef8-bb6d-6bb9bd380a22
F00381,E0026-00381,2025-01-27,F34874016,E0026,4816.35,Transferencia,a0eebc99-9c0b-4ef8-bb6d-6bb9bd380a11
F00382,E0026-00382,2025-02-10,F34874016,E0026,2829.44,Transferencia,a0eebc99-9c0b-4ef8-bb6d-6bb9bd380a11
F00383,E0026-00383,2025-03-16,F34874016,E0026,2668.48,Tarjeta,a0eebc99-9c0b-4ef8-bb6d-6bb9bd380a11
F00384,E0026-00384,2025-04-28,F34874016,E0026,5646.98,Transferencia,a0eebc99-9c0b-4ef8-bb6d-6bb9bd380a11
F00385,E0026-00385,2025-05-11,F34874016,E0026,2527.88,Recibo domiciliado SEPA,a0eebc99-9c0b-4ef8-bb6d-6bb9bd380a11
F00386,E0026-00386,2025-06-10,F34874016,E0026,2504.47,Recibo domiciliado SEPA,a0eebc99-9c0b-4ef8-bb6d-6bb9bd380a11
F00387,E0026-00387,2025-09-15,F34874016,E0026,3946.35,Pagaré,a0eebc99-9c0b-4ef8-bb6d-6bb9bd380a11
F00388,E0026-00388,2025-10-18,F34874016,E0026,3169.25,Transferencia,a0eebc99-9c0b-4ef8-bb6d-6bb9bd380a11
F00389,E0025-00389,2025-01-14,J08412413,E0025,7937.92,Recibo domiciliado SEPA,b0eebc99-9c0b-4ef8-bb6d-6bb9bd380a22
F00390,E0025-00390,2025-03-10,J08412413,E0025,6121.45,Pagaré,b0eebc99-9c0b-4ef8-bb6d-6bb9bd380a22
F00391,E0025-00391,2025-04-01,J08412413,E0025,3977.06,Transferencia,b0eebc99-9c0b-4ef8-bb6d-6bb9bd380a22
F00392,E0025-00392,2025-05-20,J08412413,E0025,8286.24,Recibo domiciliado SEPA,b0eebc99-9c0b-4ef8-bb6d-6bb9bd380a22
F00393,E0025-00393,2025-07-20,J08412413,E0025,4128.12,Transferencia,b0eebc99-9c0b-4ef8-bb6d-6bb9bd380a22
F00394,E0025-00394,2025-08-14,J08412413,E0025,7463.03,Recibo domiciliado SEPA,b0eebc99-9c0b-4ef8-bb6d-6bb9bd380a22
F00395,E0025-00395,2025-09-11,J08412413,E0025,5763.53,Recibo domiciliado SEPA,b0eebc99-9c0b-4ef8-bb6d-6bb9bd380a22
F00396,E0025-00396,2025-10-22,J08412413,E0025,4452.62,Transferencia,b0eebc99-9c0b-4ef8-bb6d-6bb9bd380a22
F00397,E0025-00397,2025-12-15,J08412413,E0025,4800.61,Recibo domiciliado SEPA,b0eebc99-9c0b-4ef8-bb6d-6bb9bd380a22
